fold,true_label,predicted_label,prediction_probability,site
1,1,0,0.39274072647094727,PITT
1,1,1,0.7110477685928345,PITT
1,1,1,0.6055903434753418,PITT
1,1,0,0.3871995508670807,PITT
1,1,1,0.7159234285354614,PITT
1,1,1,0.6489339470863342,PITT
1,1,0,0.47006744146347046,PITT
1,0,0,0.329753041267395,PITT
1,0,0,0.40459421277046204,PITT
1,0,0,0.36456596851348877,PITT
1,0,1,0.5179845690727234,PITT
1,0,1,0.7154590487480164,PITT
1,0,0,0.48559898138046265,PITT
1,0,1,0.7520153522491455,OLIN
1,0,0,0.3775542378425598,OLIN
1,0,1,0.7242663502693176,OLIN
1,0,1,0.5267608165740967,OLIN
1,0,0,0.4042591154575348,OLIN
1,1,1,0.6994032859802246,OLIN
1,1,1,0.7330947518348694,OLIN
1,1,0,0.4415707290172577,OLIN
1,1,1,0.601652979850769,OHSU
1,0,1,0.7011184096336365,OHSU
1,0,1,0.7017594575881958,OHSU
1,0,1,0.7166200280189514,OHSU
1,0,1,0.7085581421852112,OHSU
1,1,0,0.31129947304725647,SDSU
1,1,0,0.42944368720054626,SDSU
1,1,0,0.4439450800418854,SDSU
1,1,0,0.43438562750816345,SDSU
1,1,1,0.5040897727012634,TRINITY
1,1,1,0.5012442469596863,TRINITY
1,1,0,0.48410534858703613,TRINITY
1,1,1,0.5350964665412903,TRINITY
1,1,1,0.543901264667511,TRINITY
1,1,1,0.5258640646934509,TRINITY
1,1,1,0.5382189750671387,TRINITY
1,0,0,0.4822453260421753,TRINITY
1,1,1,0.5227451920509338,UM_1
1,1,0,0.4893110990524292,UM_1
1,1,1,0.5251896977424622,UM_1
1,1,1,0.5306031107902527,UM_1
1,1,1,0.5348029136657715,UM_1
1,1,0,0.47852492332458496,UM_1
1,1,0,0.4798487722873688,UM_1
1,1,0,0.4790384769439697,UM_1
1,0,1,0.5208641290664673,UM_1
1,0,1,0.528276801109314,UM_1
1,0,0,0.48060712218284607,UM_1
1,0,1,0.517544150352478,UM_1
1,0,1,0.5266725420951843,UM_1
1,0,0,0.4837751090526581,UM_1
1,0,1,0.53343266248703,UM_1
1,0,0,0.49730274081230164,UM_1
1,0,0,0.42262452840805054,UM_1
1,0,1,0.5347725749015808,UM_1
1,0,0,0.39145079255104065,UM_1
1,0,1,0.573556125164032,UM_2
1,0,0,0.4197714030742645,UM_2
1,1,0,0.3939761817455292,UM_2
1,1,1,0.5737031698226929,UM_2
1,0,0,0.49612683057785034,UM_2
1,0,0,0.42514654994010925,UM_2
1,0,0,0.46510860323905945,UM_2
1,0,1,0.5743914246559143,UM_2
1,0,1,0.5679522156715393,UM_2
1,0,0,0.3325510323047638,USM
1,0,1,0.5293487310409546,USM
1,0,0,0.3952048122882843,USM
1,0,0,0.4928077459335327,USM
1,0,1,0.7770805358886719,USM
1,0,1,0.5231967568397522,USM
1,1,1,0.800811767578125,USM
1,1,1,0.755225419998169,USM
1,1,1,0.7977098226547241,USM
1,1,1,0.6085226535797119,USM
1,1,1,0.7734526991844177,USM
1,1,1,0.5261328816413879,USM
1,0,0,0.41344135999679565,YALE
1,0,1,0.7075031995773315,YALE
1,0,0,0.443472683429718,YALE
1,0,0,0.34841758012771606,YALE
1,1,0,0.3866020143032074,YALE
1,1,1,0.6040390133857727,YALE
1,1,1,0.6616023182868958,YALE
1,1,0,0.3899345099925995,YALE
1,1,1,0.6479403376579285,YALE
1,0,1,0.5692746043205261,LEUVEN_1
1,0,1,0.5502955913543701,LEUVEN_1
1,0,1,0.7908645272254944,LEUVEN_1
1,0,1,0.5692285895347595,LEUVEN_1
1,0,1,0.5028104782104492,LEUVEN_1
1,1,1,0.7922742962837219,LEUVEN_1
1,0,0,0.3951205909252167,LEUVEN_2
1,1,1,0.6841379404067993,LEUVEN_2
1,0,0,0.32949063181877136,KKI
1,1,0,0.4279341697692871,KKI
1,0,1,0.5454844832420349,KKI
1,1,1,0.5986284017562866,NYU
1,1,1,0.6361071467399597,NYU
1,1,1,0.6273180842399597,NYU
1,1,1,0.6356820464134216,NYU
1,1,1,0.6343932151794434,NYU
1,1,1,0.6380711793899536,NYU
1,1,0,0.38739266991615295,NYU
1,1,1,0.6341451406478882,NYU
1,1,1,0.605816662311554,NYU
1,1,1,0.6413204669952393,NYU
1,1,1,0.6290056109428406,NYU
1,1,0,0.41393592953681946,NYU
1,1,0,0.4044778347015381,NYU
1,1,0,0.4705764949321747,NYU
1,1,1,0.5916569828987122,NYU
1,1,1,0.632266104221344,NYU
1,0,0,0.3972359001636505,NYU
1,0,1,0.5988184213638306,NYU
1,0,0,0.3093758523464203,NYU
1,0,0,0.3549252152442932,NYU
1,0,0,0.34462636709213257,NYU
1,0,0,0.45080557465553284,NYU
1,0,0,0.49244487285614014,NYU
1,0,1,0.641409158706665,NYU
1,0,1,0.6370915174484253,NYU
1,0,1,0.631261944770813,NYU
1,0,0,0.4023733139038086,NYU
1,0,1,0.6254758238792419,NYU
1,0,1,0.6135379076004028,NYU
1,0,1,0.607998788356781,NYU
1,0,0,0.33980515599250793,NYU
1,0,1,0.6017796993255615,NYU
1,0,0,0.2939189374446869,NYU
1,0,1,0.6074753999710083,NYU
1,0,0,0.47813913226127625,TRINITY
1,0,1,0.5409426093101501,TRINITY
1,0,0,0.3854050040245056,NYU
1,0,0,0.42419859766960144,NYU
1,0,0,0.3743581175804138,NYU
1,0,0,0.37076762318611145,NYU
1,0,0,0.4007418155670166,NYU
1,1,0,0.4224027395248413,STANFORD
1,1,0,0.43308407068252563,STANFORD
1,1,0,0.42170247435569763,STANFORD
1,1,0,0.425884485244751,STANFORD
1,0,0,0.4162673354148865,STANFORD
1,0,0,0.4266252815723419,STANFORD
1,1,1,0.7006421685218811,UCLA_1
1,1,1,0.703331470489502,UCLA_1
1,1,1,0.6831286549568176,UCLA_1
1,1,1,0.706855058670044,UCLA_1
1,1,1,0.7043514847755432,UCLA_1
1,1,1,0.6818310022354126,UCLA_1
1,1,1,0.7013429999351501,UCLA_1
1,1,1,0.7090575695037842,UCLA_1
1,0,0,0.28875941038131714,UCLA_1
1,0,0,0.318968802690506,UCLA_1
1,0,1,0.6462678909301758,UCLA_1
1,0,1,0.6316890120506287,UCLA_1
1,0,1,0.6990394592285156,UCLA_1
1,1,0,0.4012279510498047,UCLA_2
1,1,0,0.44334185123443604,UCLA_2
1,0,1,0.671622633934021,UCLA_2
1,0,1,0.6597634553909302,UCLA_2
1,1,0,0.42954784631729126,MAX_MUN
1,1,1,0.5047789812088013,MAX_MUN
1,1,0,0.4945523142814636,MAX_MUN
1,0,0,0.4947870075702667,MAX_MUN
1,0,0,0.3611476719379425,MAX_MUN
1,0,0,0.47388893365859985,MAX_MUN
1,0,0,0.49516722559928894,MAX_MUN
1,0,0,0.4967415928840637,MAX_MUN
1,0,0,0.3801892399787903,MAX_MUN
1,0,1,0.6619011163711548,CALTECH
1,0,0,0.465326189994812,CALTECH
1,1,0,0.43994826078414917,SBL
1,1,0,0.4490082859992981,SBL
2,1,1,0.6719874739646912,PITT
2,1,0,0.35084494948387146,PITT
2,0,0,0.42653974890708923,PITT
2,0,1,0.6403659582138062,PITT
2,0,0,0.4972737729549408,OLIN
2,0,1,0.8749123215675354,OLIN
2,1,0,0.39476650953292847,OLIN
2,1,0,0.31656405329704285,OLIN
2,1,0,0.3137659728527069,OLIN
2,1,1,0.6658470630645752,OLIN
2,1,0,0.3311910629272461,OHSU
2,1,1,0.8165712356567383,OHSU
2,1,0,0.4975830614566803,OHSU
2,1,1,0.7939684987068176,OHSU
2,1,1,0.842905580997467,OHSU
2,0,1,0.861443817615509,OHSU
2,0,1,0.5850018858909607,OHSU
2,0,0,0.3117118775844574,OHSU
2,0,1,0.6886806488037109,OHSU
2,0,1,0.5235524773597717,OHSU
2,1,0,0.42371031641960144,SDSU
2,1,0,0.47620218992233276,SDSU
2,0,0,0.3508642613887787,SDSU
2,0,0,0.3586721122264862,SDSU
2,0,0,0.3133794069290161,SDSU
2,0,0,0.3210579752922058,SDSU
2,0,1,0.6175686120986938,SDSU
2,0,1,0.5354809165000916,SDSU
2,1,0,0.3200732171535492,TRINITY
2,1,1,0.7596609592437744,TRINITY
2,1,0,0.44431445002555847,TRINITY
2,0,0,0.3552192151546478,TRINITY
2,0,1,0.7074275612831116,TRINITY
2,0,1,0.6022324562072754,TRINITY
2,1,1,0.588641881942749,UM_1
2,1,0,0.35180485248565674,UM_1
2,1,1,0.5386155247688293,UM_1
2,1,0,0.3175312280654907,UM_1
2,1,0,0.44097602367401123,UM_1
2,1,0,0.3343923091888428,UM_1
2,1,0,0.32443612813949585,UM_1
2,0,1,0.5386615991592407,UM_1
2,0,0,0.45769816637039185,UM_1
2,0,0,0.33816373348236084,UM_1
2,0,0,0.3040863871574402,UM_1
2,0,0,0.3198711574077606,UM_1
2,0,1,0.688046932220459,UM_1
2,0,0,0.3236428201198578,UM_1
2,0,1,0.5064755082130432,UM_1
2,0,0,0.34820556640625,UM_1
2,0,0,0.3320545256137848,UM_2
2,1,0,0.39835891127586365,UM_2
2,0,0,0.412064790725708,UM_2
2,0,1,0.5846921801567078,USM
2,0,1,0.6627112627029419,USM
2,1,0,0.3184370994567871,USM
2,1,1,0.7340741157531738,USM
2,1,0,0.3314025104045868,USM
2,1,1,0.5162860155105591,USM
2,1,1,0.7245054244995117,USM
2,1,0,0.3435038924217224,USM
2,1,1,0.5180359482765198,USM
2,1,1,0.8482337594032288,USM
2,1,1,0.68323814868927,USM
2,1,1,0.8831800818443298,USM
2,1,0,0.46985501050949097,USM
2,0,0,0.3665948212146759,YALE
2,0,0,0.3032010793685913,YALE
2,0,0,0.3619810938835144,YALE
2,1,1,0.640146017074585,YALE
2,1,1,0.566864550113678,YALE
2,1,0,0.41219770908355713,YALE
2,1,1,0.8194750547409058,YALE
2,1,1,0.5750903487205505,YALE
2,1,1,0.8136886358261108,YALE
2,1,1,0.843938410282135,YALE
2,1,1,0.6663543581962585,YALE
2,1,0,0.375337153673172,CMU
2,1,1,0.7943869829177856,CMU
2,1,0,0.3836471736431122,LEUVEN_1
2,0,0,0.4914718270301819,LEUVEN_1
2,0,1,0.526657223701477,LEUVEN_1
2,1,0,0.4911080002784729,LEUVEN_1
2,0,0,0.44333508610725403,LEUVEN_2
2,0,0,0.4576103091239929,LEUVEN_2
2,0,1,0.5535303950309753,LEUVEN_2
2,1,0,0.3015477955341339,LEUVEN_2
2,1,0,0.45029112696647644,LEUVEN_2
2,0,0,0.3287782371044159,KKI
2,0,0,0.32963210344314575,KKI
2,0,0,0.323162704706192,KKI
2,0,0,0.3137427866458893,KKI
2,1,0,0.4823331832885742,KKI
2,1,0,0.39455586671829224,KKI
2,0,0,0.31681257486343384,KKI
2,1,1,0.5429437756538391,KKI
2,1,0,0.41043540835380554,NYU
2,1,0,0.4954620897769928,NYU
2,1,0,0.40193602442741394,NYU
2,1,0,0.32096338272094727,NYU
2,1,0,0.32831475138664246,NYU
2,1,1,0.6222376227378845,NYU
2,1,0,0.33456045389175415,NYU
2,1,0,0.31732869148254395,NYU
2,1,1,0.6666657328605652,NYU
2,1,0,0.3600402772426605,NYU
2,1,1,0.6556380987167358,NYU
2,1,0,0.38591015338897705,NYU
2,0,0,0.3182240128517151,NYU
2,0,0,0.3061428964138031,NYU
2,0,0,0.30898454785346985,NYU
2,0,0,0.32605522871017456,NYU
2,0,0,0.31394264101982117,NYU
2,0,1,0.7209869623184204,NYU
2,0,0,0.3169861137866974,NYU
2,0,1,0.5697077512741089,NYU
2,0,0,0.4037438929080963,NYU
2,0,0,0.308918297290802,NYU
2,0,0,0.3714500367641449,NYU
2,0,0,0.3340514600276947,NYU
2,0,0,0.3285370469093323,NYU
2,0,0,0.3149215579032898,NYU
2,0,0,0.35341647267341614,NYU
2,0,0,0.40321385860443115,NYU
2,0,0,0.3108435273170471,NYU
2,0,0,0.3115067183971405,NYU
2,0,0,0.4835338294506073,NYU
2,0,0,0.3244781196117401,NYU
2,0,1,0.8803554773330688,TRINITY
2,0,0,0.33186084032058716,TRINITY
2,0,0,0.3927159309387207,TRINITY
2,0,0,0.3143889009952545,NYU
2,1,1,0.6232399940490723,STANFORD
2,1,0,0.31018728017807007,STANFORD
2,1,1,0.7491149306297302,STANFORD
2,0,0,0.33460238575935364,STANFORD
2,0,0,0.34041035175323486,STANFORD
2,0,0,0.3439120948314667,STANFORD
2,0,0,0.3194257318973541,STANFORD
2,0,0,0.3384886384010315,STANFORD
2,0,1,0.5989704728126526,STANFORD
2,0,1,0.8319552540779114,STANFORD
2,1,1,0.6498795747756958,UCLA_1
2,1,1,0.729470431804657,UCLA_1
2,1,0,0.3345347046852112,UCLA_1
2,1,0,0.4171206057071686,UCLA_1
2,0,0,0.47680386900901794,UCLA_1
2,0,1,0.8753108382225037,UCLA_1
2,1,0,0.32377198338508606,UCLA_2
2,0,0,0.31613126397132874,UCLA_2
2,1,1,0.6039121747016907,MAX_MUN
2,0,0,0.33419373631477356,MAX_MUN
2,0,1,0.5773548483848572,MAX_MUN
2,0,1,0.6956906318664551,MAX_MUN
2,0,1,0.6188918948173523,MAX_MUN
2,0,1,0.6636955738067627,MAX_MUN
2,0,1,0.6239597797393799,MAX_MUN
2,1,0,0.4475099742412567,CALTECH
2,1,1,0.5802881121635437,CALTECH
2,1,1,0.693828821182251,CALTECH
2,0,1,0.880509078502655,CALTECH
2,0,0,0.3737480938434601,CALTECH
2,0,1,0.5471642017364502,SBL
2,0,1,0.526290237903595,SBL
2,0,0,0.38879886269569397,SBL
2,0,0,0.40324723720550537,SBL
2,0,1,0.5191624760627747,SBL
2,0,1,0.5191364884376526,SBL
2,0,1,0.5532239079475403,SBL
2,1,1,0.5759240388870239,SBL
2,1,0,0.39335668087005615,SBL
2,1,1,0.6589621901512146,SBL
2,1,1,0.5982393622398376,SBL
2,1,1,0.6416820287704468,MAX_MUN
3,1,0,0.492497980594635,PITT
3,1,1,0.5306631922721863,PITT
3,1,0,0.39374279975891113,PITT
3,0,0,0.4580865800380707,PITT
3,0,0,0.42979711294174194,PITT
3,0,1,0.5410517454147339,PITT
3,0,1,0.5338751673698425,PITT
3,1,0,0.38165464997291565,PITT
3,0,0,0.4366814196109772,OLIN
3,0,0,0.4524490535259247,OLIN
3,1,1,0.5747857093811035,OLIN
3,1,0,0.42784246802330017,OLIN
3,1,0,0.44315072894096375,OHSU
3,0,0,0.38956838846206665,SDSU
3,0,0,0.37432676553726196,SDSU
3,0,0,0.46022605895996094,SDSU
3,1,1,0.5840663313865662,TRINITY
3,1,1,0.5403308868408203,TRINITY
3,1,1,0.562298059463501,TRINITY
3,1,1,0.5367336869239807,TRINITY
3,0,0,0.4163198173046112,TRINITY
3,0,0,0.47141358256340027,TRINITY
3,0,0,0.4749412536621094,TRINITY
3,0,1,0.5706741809844971,TRINITY
3,1,1,0.5920578837394714,UM_1
3,1,1,0.5543465614318848,UM_1
3,1,1,0.5082841515541077,UM_1
3,1,0,0.4544826149940491,UM_1
3,1,1,0.5532068014144897,UM_1
3,1,1,0.5492739677429199,UM_1
3,1,0,0.38682833313941956,UM_1
3,0,0,0.4884316623210907,UM_1
3,0,0,0.3828066885471344,UM_1
3,0,0,0.4215349853038788,UM_1
3,0,0,0.3907723128795624,UM_1
3,0,1,0.5146939158439636,UM_1
3,0,1,0.5436441898345947,UM_1
3,0,0,0.40670153498649597,UM_1
3,0,1,0.5207160115242004,UM_1
3,0,0,0.40968063473701477,UM_1
3,0,1,0.5141957402229309,UM_1
3,0,0,0.41564875841140747,UM_2
3,0,1,0.5154241919517517,UM_2
3,0,0,0.4855349063873291,UM_2
3,1,0,0.412890762090683,UM_2
3,0,0,0.4681563377380371,USM
3,0,1,0.5082709193229675,USM
3,0,0,0.4639066457748413,USM
3,0,0,0.4546717703342438,USM
3,0,1,0.5961312651634216,USM
3,1,1,0.6037335395812988,USM
3,1,0,0.489934504032135,USM
3,1,1,0.5735655426979065,USM
3,1,1,0.5519365668296814,USM
3,1,1,0.5603540539741516,USM
3,1,1,0.5823835134506226,USM
3,1,1,0.5009430050849915,USM
3,1,0,0.42728379368782043,USM
3,1,1,0.5161462426185608,USM
3,1,1,0.6016155481338501,USM
3,1,1,0.5138943195343018,USM
3,0,0,0.4636644721031189,YALE
3,0,0,0.4479201138019562,YALE
3,1,0,0.3183368444442749,YALE
3,1,0,0.4405188262462616,YALE
3,1,1,0.5044378042221069,YALE
3,1,0,0.4071745276451111,YALE
3,1,0,0.35589101910591125,YALE
3,1,1,0.565958559513092,CMU
3,1,0,0.43111664056777954,CMU
3,0,0,0.37081021070480347,CMU
3,0,0,0.4686884880065918,LEUVEN_1
3,0,1,0.5481154918670654,LEUVEN_1
3,1,0,0.4704873263835907,LEUVEN_1
3,1,1,0.5576315522193909,LEUVEN_1
3,0,1,0.563608705997467,LEUVEN_1
3,0,0,0.4266231656074524,LEUVEN_2
3,0,1,0.53545081615448,LEUVEN_2
3,0,1,0.5308001041412354,LEUVEN_2
3,0,1,0.5005815029144287,LEUVEN_2
3,0,0,0.3835808038711548,LEUVEN_2
3,0,0,0.44051501154899597,LEUVEN_2
3,1,1,0.5422701239585876,LEUVEN_2
3,1,0,0.39461639523506165,LEUVEN_2
3,1,0,0.4770808815956116,LEUVEN_2
3,0,1,0.5509752631187439,KKI
3,0,1,0.5349343419075012,KKI
3,0,0,0.46559590101242065,KKI
3,1,1,0.5594245195388794,KKI
3,1,1,0.5374842882156372,KKI
3,1,1,0.5218451023101807,KKI
3,0,1,0.540898323059082,KKI
3,0,1,0.5486510992050171,KKI
3,1,1,0.5791390538215637,KKI
3,1,0,0.48959648609161377,NYU
3,1,0,0.38624298572540283,NYU
3,1,0,0.43192213773727417,NYU
3,1,1,0.5572752952575684,NYU
3,1,0,0.430054634809494,NYU
3,1,1,0.5315564274787903,NYU
3,1,1,0.5704365372657776,NYU
3,1,0,0.4807213842868805,NYU
3,1,1,0.5602878332138062,NYU
3,1,0,0.43086567521095276,NYU
3,1,1,0.5623677968978882,NYU
3,1,0,0.4141335189342499,NYU
3,1,0,0.42365893721580505,NYU
3,1,1,0.5284485220909119,NYU
3,1,0,0.46627360582351685,NYU
3,1,1,0.5334193110466003,NYU
3,1,0,0.4630722403526306,NYU
3,0,0,0.3849249482154846,NYU
3,0,0,0.4752722680568695,NYU
3,0,1,0.5607395172119141,NYU
3,0,0,0.3980334401130676,NYU
3,0,1,0.5431855320930481,NYU
3,0,0,0.48952656984329224,NYU
3,0,0,0.45188647508621216,NYU
3,0,0,0.44216713309288025,NYU
3,0,0,0.42210328578948975,NYU
3,0,0,0.3962601125240326,NYU
3,0,1,0.5720711946487427,NYU
3,0,0,0.4639317989349365,NYU
3,0,0,0.4712700843811035,NYU
3,0,0,0.419632226228714,NYU
3,0,1,0.510714054107666,TRINITY
3,0,1,0.567842423915863,TRINITY
3,0,1,0.5465505123138428,TRINITY
3,0,0,0.4818281829357147,TRINITY
3,0,0,0.4091343283653259,NYU
3,0,0,0.35341569781303406,NYU
3,0,1,0.5428537130355835,NYU
3,1,1,0.6445065140724182,STANFORD
3,0,0,0.38716307282447815,STANFORD
3,1,1,0.5369314551353455,UCLA_1
3,1,1,0.5421836972236633,UCLA_1
3,1,1,0.5663342475891113,UCLA_1
3,1,1,0.5346323847770691,UCLA_1
3,1,0,0.47600337862968445,UCLA_1
3,1,1,0.5977265238761902,UCLA_1
3,1,0,0.4585728049278259,UCLA_1
3,1,1,0.5673506855964661,UCLA_1
3,1,1,0.5422647595405579,UCLA_1
3,0,0,0.4588896632194519,UCLA_1
3,0,1,0.6096289753913879,UCLA_1
3,0,0,0.48059946298599243,UCLA_1
3,0,0,0.4078507721424103,UCLA_1
3,0,0,0.4323035776615143,UCLA_1
3,0,0,0.39340734481811523,UCLA_1
3,0,1,0.5328451991081238,UCLA_1
3,0,1,0.5566169023513794,UCLA_1
3,1,1,0.5404695868492126,UCLA_2
3,0,0,0.35499003529548645,UCLA_2
3,0,0,0.4811987578868866,UCLA_2
3,0,1,0.5657870173454285,UCLA_2
3,0,0,0.48004990816116333,UCLA_2
3,1,0,0.3730216920375824,MAX_MUN
3,1,1,0.5400350093841553,MAX_MUN
3,1,0,0.4242130517959595,MAX_MUN
3,1,0,0.3596334457397461,MAX_MUN
3,0,1,0.5222724080085754,MAX_MUN
3,0,1,0.5522791147232056,MAX_MUN
3,0,1,0.52187579870224,MAX_MUN
3,0,1,0.534126341342926,MAX_MUN
3,0,0,0.42982983589172363,MAX_MUN
3,0,1,0.5598040223121643,MAX_MUN
3,1,0,0.4022669494152069,MAX_MUN
3,0,1,0.5347135066986084,MAX_MUN
3,0,0,0.3700501620769501,CALTECH
3,0,0,0.28279808163642883,CALTECH
3,0,0,0.49507051706314087,CALTECH
3,0,1,0.5651950240135193,SBL
3,1,1,0.5469439625740051,SBL
3,1,0,0.4975047707557678,SBL
4,1,1,0.5166093707084656,PITT
4,1,1,0.5178185105323792,PITT
4,1,1,0.5197460055351257,PITT
4,1,1,0.5170133709907532,PITT
4,1,1,0.5130287408828735,PITT
4,0,1,0.5224177241325378,PITT
4,0,1,0.5161764025688171,PITT
4,0,1,0.5150454044342041,PITT
4,0,1,0.5143811106681824,PITT
4,0,1,0.5175370573997498,PITT
4,0,1,0.5177640318870544,PITT
4,0,1,0.5140190124511719,PITT
4,0,1,0.5177229046821594,PITT
4,0,1,0.5156537294387817,PITT
4,0,1,0.5157842636108398,OLIN
4,0,1,0.5222238898277283,OLIN
4,0,1,0.5179432034492493,OLIN
4,1,1,0.5146902203559875,OLIN
4,1,1,0.5131189823150635,OLIN
4,1,1,0.5215056538581848,OLIN
4,1,1,0.5119138956069946,OHSU
4,1,1,0.5115918517112732,OHSU
4,1,1,0.5203354954719543,OHSU
4,0,1,0.5181923508644104,OHSU
4,0,1,0.5110598206520081,OHSU
4,0,1,0.5161973237991333,OHSU
4,0,1,0.5199256539344788,OHSU
4,0,1,0.5166980028152466,SDSU
4,0,1,0.5176302790641785,SDSU
4,0,1,0.5160677433013916,SDSU
4,0,1,0.5137608647346497,SDSU
4,1,1,0.5222949385643005,TRINITY
4,1,1,0.5165826082229614,TRINITY
4,0,1,0.5199388861656189,TRINITY
4,0,1,0.513717532157898,TRINITY
4,0,1,0.5174486041069031,TRINITY
4,1,1,0.5176340341567993,UM_1
4,1,1,0.514378011226654,UM_1
4,1,1,0.517191469669342,UM_1
4,0,1,0.5175015330314636,UM_1
4,0,1,0.5153717398643494,UM_1
4,0,1,0.5172029733657837,UM_1
4,0,1,0.5096147656440735,UM_1
4,0,1,0.5165274739265442,UM_1
4,0,1,0.5179928541183472,UM_1
4,0,1,0.5153432488441467,UM_1
4,0,1,0.5160194039344788,UM_1
4,0,1,0.5167135000228882,UM_1
4,0,1,0.5144379734992981,UM_1
4,0,1,0.5132073760032654,UM_1
4,0,1,0.5136115550994873,UM_2
4,1,1,0.5135732293128967,UM_2
4,1,1,0.5171082615852356,UM_2
4,1,1,0.5132300853729248,UM_2
4,1,1,0.5161458253860474,UM_2
4,1,1,0.5130845904350281,UM_2
4,1,1,0.5171284079551697,UM_2
4,0,1,0.5136887431144714,UM_2
4,0,1,0.5152351260185242,UM_2
4,0,1,0.519120991230011,UM_2
4,0,1,0.5187558531761169,USM
4,0,1,0.5224481225013733,USM
4,0,1,0.517180860042572,USM
4,0,1,0.5244779586791992,USM
4,1,1,0.5211541652679443,USM
4,1,1,0.5155147910118103,USM
4,1,1,0.5186142325401306,USM
4,1,1,0.5190802812576294,USM
4,1,1,0.5194666981697083,USM
4,1,1,0.5207343101501465,USM
4,0,1,0.5093527436256409,YALE
4,0,1,0.5096673369407654,YALE
4,0,1,0.5190715193748474,YALE
4,1,1,0.510533332824707,YALE
4,0,1,0.5229018926620483,CMU
4,0,1,0.5190316438674927,CMU
4,0,1,0.5177434682846069,CMU
4,0,1,0.5232171416282654,CMU
4,1,1,0.5110946893692017,LEUVEN_1
4,1,1,0.5122141242027283,LEUVEN_1
4,1,1,0.5105339288711548,LEUVEN_1
4,1,1,0.5112835764884949,LEUVEN_1
4,1,1,0.5158357620239258,LEUVEN_1
4,1,1,0.5158559679985046,LEUVEN_1
4,0,1,0.5195863246917725,LEUVEN_2
4,0,1,0.5150322318077087,LEUVEN_2
4,1,1,0.5156014561653137,LEUVEN_2
4,1,1,0.515480637550354,LEUVEN_2
4,1,1,0.5152614116668701,LEUVEN_2
4,1,1,0.5150458216667175,LEUVEN_2
4,0,1,0.5110087394714355,KKI
4,0,1,0.5150648951530457,KKI
4,1,1,0.5146576762199402,KKI
4,1,1,0.5267273187637329,KKI
4,0,1,0.5140200853347778,KKI
4,1,1,0.5167607069015503,NYU
4,1,1,0.5110316872596741,NYU
4,1,1,0.516710102558136,NYU
4,1,1,0.518273115158081,NYU
4,1,1,0.5144461393356323,NYU
4,1,1,0.5169765949249268,NYU
4,1,1,0.5095927119255066,NYU
4,1,1,0.5136450529098511,NYU
4,1,1,0.5160074234008789,NYU
4,1,1,0.5191803574562073,NYU
4,1,1,0.5177966356277466,NYU
4,1,1,0.5161126852035522,NYU
4,1,1,0.5168802738189697,NYU
4,1,1,0.519893229007721,NYU
4,1,1,0.5199769735336304,NYU
4,1,1,0.5131282806396484,NYU
4,1,1,0.5159401297569275,NYU
4,0,1,0.5116302967071533,NYU
4,0,1,0.5175356864929199,NYU
4,0,1,0.5157865881919861,NYU
4,0,1,0.5184239149093628,NYU
4,0,1,0.5139834880828857,NYU
4,0,1,0.5108000636100769,NYU
4,0,1,0.5147859454154968,NYU
4,0,1,0.5165882110595703,NYU
4,0,1,0.5172221660614014,NYU
4,0,1,0.5162513256072998,NYU
4,0,1,0.516321063041687,NYU
4,0,1,0.5161455869674683,NYU
4,0,1,0.5193801522254944,NYU
4,0,1,0.5145391821861267,NYU
4,0,1,0.519030749797821,NYU
4,0,1,0.5173701047897339,NYU
4,0,1,0.5158215165138245,NYU
4,0,1,0.5143622756004333,TRINITY
4,0,1,0.5167261362075806,TRINITY
4,0,1,0.5164322853088379,NYU
4,0,1,0.515200138092041,NYU
4,1,1,0.5210540294647217,STANFORD
4,1,1,0.5197893977165222,STANFORD
4,0,1,0.5227013230323792,STANFORD
4,0,1,0.5199087262153625,STANFORD
4,0,1,0.523149847984314,STANFORD
4,1,1,0.5282930731773376,UCLA_1
4,1,1,0.5228815078735352,UCLA_1
4,1,1,0.5211949944496155,UCLA_1
4,1,1,0.5225945711135864,UCLA_1
4,1,1,0.5206255316734314,UCLA_1
4,1,1,0.5195699334144592,UCLA_1
4,1,1,0.5231253504753113,UCLA_1
4,1,1,0.5206597447395325,UCLA_1
4,1,1,0.5195605158805847,UCLA_1
4,1,1,0.5156556367874146,UCLA_1
4,0,1,0.521733283996582,UCLA_1
4,0,1,0.5204097628593445,UCLA_1
4,0,1,0.5208159685134888,UCLA_1
4,0,1,0.5185718536376953,UCLA_1
4,0,1,0.516072154045105,UCLA_1
4,1,1,0.523032546043396,UCLA_2
4,1,1,0.517973780632019,UCLA_2
4,1,1,0.5212218761444092,UCLA_2
4,0,1,0.5247506499290466,UCLA_2
4,1,1,0.5210798978805542,MAX_MUN
4,1,1,0.5201771855354309,MAX_MUN
4,1,1,0.522479236125946,MAX_MUN
4,0,1,0.5175727009773254,MAX_MUN
4,0,1,0.5197572708129883,MAX_MUN
4,1,1,0.5185462832450867,MAX_MUN
4,1,1,0.5126907825469971,MAX_MUN
4,0,1,0.5144098997116089,MAX_MUN
4,1,1,0.5171166658401489,CALTECH
4,0,1,0.5156868696212769,CALTECH
4,0,1,0.5162095427513123,CALTECH
4,0,1,0.5218323469161987,SBL
4,0,1,0.5185416340827942,SBL
4,0,1,0.5223999619483948,SBL
4,0,1,0.521756649017334,SBL
4,0,1,0.5217719078063965,SBL
4,1,1,0.5203609466552734,SBL
5,1,1,0.6854742765426636,PITT
5,1,1,0.6754475235939026,PITT
5,1,1,0.6852346658706665,PITT
5,1,1,0.5179739594459534,PITT
5,0,0,0.3069482743740082,PITT
5,0,1,0.6871322393417358,PITT
5,0,1,0.6893830299377441,PITT
5,0,1,0.6790270805358887,PITT
5,1,0,0.3020181357860565,PITT
5,1,0,0.2560685873031616,PITT
5,0,0,0.49839192628860474,PITT
5,0,0,0.43622660636901855,OLIN
5,0,0,0.48775070905685425,OLIN
5,1,1,0.6115154027938843,OLIN
5,1,1,0.6855109930038452,OLIN
5,1,0,0.3672715723514557,OHSU
5,1,0,0.3927384614944458,OHSU
5,1,1,0.6707421541213989,SDSU
5,1,1,0.6490246653556824,SDSU
5,0,0,0.26996371150016785,SDSU
5,0,1,0.69172203540802,SDSU
5,0,1,0.5766147971153259,SDSU
5,0,0,0.34560880064964294,SDSU
5,0,1,0.6888211369514465,SDSU
5,0,1,0.6759465932846069,SDSU
5,1,0,0.18219394981861115,TRINITY
5,1,1,0.6783425211906433,TRINITY
5,1,1,0.5158595442771912,TRINITY
5,0,1,0.6754270195960999,TRINITY
5,0,0,0.1538621336221695,TRINITY
5,0,1,0.6621432304382324,TRINITY
5,1,1,0.5811665654182434,UM_1
5,1,1,0.6728770136833191,UM_1
5,1,1,0.6542574763298035,UM_1
5,1,0,0.3233228027820587,UM_1
5,1,0,0.1987423449754715,UM_1
5,1,0,0.3675294518470764,UM_1
5,1,1,0.6644226908683777,UM_1
5,1,1,0.6814468502998352,UM_1
5,1,0,0.34699565172195435,UM_1
5,0,0,0.33109739422798157,UM_1
5,0,1,0.6842659711837769,UM_1
5,0,1,0.6631998419761658,UM_1
5,0,0,0.2216821312904358,UM_1
5,0,1,0.5742918848991394,UM_1
5,0,0,0.22596128284931183,UM_1
5,0,0,0.16991230845451355,UM_1
5,0,1,0.5157509446144104,UM_1
5,0,0,0.36084312200546265,UM_1
5,0,0,0.27587461471557617,UM_1
5,0,0,0.24820978939533234,UM_1
5,0,0,0.20791688561439514,UM_2
5,1,1,0.5736492276191711,UM_2
5,1,1,0.6559778451919556,UM_2
5,1,1,0.6722165942192078,UM_2
5,0,0,0.3431140184402466,UM_2
5,0,0,0.4956326484680176,UM_2
5,0,1,0.6657869815826416,UM_2
5,0,1,0.6686262488365173,UM_2
5,0,1,0.6885031461715698,USM
5,0,1,0.6792278289794922,USM
5,0,1,0.6873031258583069,USM
5,0,1,0.6814665198326111,USM
5,0,1,0.6919432282447815,USM
5,0,1,0.6395316123962402,USM
5,0,1,0.6874346137046814,USM
5,1,1,0.6796414852142334,USM
5,1,1,0.688735842704773,USM
5,1,1,0.6718515157699585,USM
5,1,1,0.5921226143836975,USM
5,1,1,0.528286874294281,USM
5,1,1,0.687587559223175,USM
5,1,1,0.6943360567092896,USM
5,1,1,0.6856406927108765,USM
5,1,1,0.6821640729904175,USM
5,0,1,0.6657072901725769,YALE
5,0,1,0.5279580950737,YALE
5,0,1,0.6582314968109131,YALE
5,0,1,0.5470713973045349,YALE
5,0,1,0.6718466281890869,YALE
5,0,0,0.3581429123878479,YALE
5,0,1,0.6513887643814087,YALE
5,1,1,0.6633340120315552,YALE
5,1,1,0.663293182849884,YALE
5,1,1,0.6931846737861633,YALE
5,1,0,0.3644472360610962,CMU
5,1,0,0.22217680513858795,CMU
5,0,1,0.6753042936325073,LEUVEN_1
5,1,1,0.6572034358978271,LEUVEN_1
5,1,1,0.6474140882492065,LEUVEN_1
5,1,1,0.6694706678390503,LEUVEN_1
5,0,1,0.6749706864356995,LEUVEN_1
5,0,1,0.5971558690071106,LEUVEN_1
5,0,1,0.5812070369720459,LEUVEN_1
5,0,0,0.4694632291793823,LEUVEN_2
5,0,1,0.6428595185279846,LEUVEN_2
5,0,1,0.6433138251304626,LEUVEN_2
5,0,1,0.6701687574386597,LEUVEN_2
5,1,1,0.6587488055229187,LEUVEN_2
5,1,1,0.6703538298606873,LEUVEN_2
5,0,1,0.5706850290298462,KKI
5,0,1,0.5657185912132263,KKI
5,0,1,0.6641597151756287,KKI
5,1,1,0.6633504629135132,KKI
5,1,1,0.6868993043899536,KKI
5,0,1,0.6907004714012146,KKI
5,0,1,0.6925097703933716,KKI
5,0,1,0.6863721013069153,KKI
5,1,1,0.544860303401947,NYU
5,1,1,0.5373384952545166,NYU
5,1,1,0.6605302095413208,NYU
5,1,1,0.6869295239448547,NYU
5,1,1,0.6819875836372375,NYU
5,1,0,0.4396987557411194,NYU
5,1,1,0.5226989984512329,NYU
5,1,1,0.6820979714393616,NYU
5,1,1,0.6701421141624451,NYU
5,1,1,0.681350827217102,NYU
5,1,1,0.6931359767913818,NYU
5,1,1,0.6925508379936218,NYU
5,0,0,0.4700724184513092,NYU
5,0,1,0.6618990302085876,NYU
5,0,0,0.31840720772743225,NYU
5,0,1,0.6926074624061584,NYU
5,0,0,0.4838436245918274,NYU
5,0,1,0.6930703520774841,NYU
5,0,1,0.6786537170410156,NYU
5,0,0,0.19172371923923492,NYU
5,0,1,0.6685904264450073,NYU
5,0,1,0.6331592798233032,NYU
5,0,0,0.3217812180519104,NYU
5,0,1,0.6905295252799988,NYU
5,0,1,0.6929580569267273,NYU
5,0,1,0.6791794896125793,NYU
5,0,1,0.688545286655426,NYU
5,0,1,0.6837131381034851,NYU
5,0,0,0.2573336362838745,NYU
5,0,0,0.22751595079898834,NYU
5,1,1,0.6848502159118652,STANFORD
5,1,1,0.6690310835838318,STANFORD
5,1,1,0.6870576739311218,UCLA_1
5,1,1,0.6927610635757446,UCLA_1
5,1,1,0.698265790939331,UCLA_1
5,1,1,0.6655842065811157,UCLA_1
5,1,1,0.6662310361862183,UCLA_1
5,1,1,0.6916202306747437,UCLA_1
5,0,1,0.6997992396354675,UCLA_1
5,0,1,0.7011940479278564,UCLA_1
5,0,1,0.6001192927360535,UCLA_1
5,0,1,0.6996036767959595,UCLA_1
5,0,1,0.6997037529945374,UCLA_1
5,0,1,0.6973504424095154,UCLA_1
5,0,1,0.671466588973999,UCLA_1
5,1,1,0.6782239079475403,UCLA_2
5,1,1,0.6751140356063843,UCLA_2
5,1,1,0.6743444800376892,UCLA_2
5,1,0,0.21944059431552887,UCLA_2
5,0,1,0.6707236766815186,UCLA_2
5,0,1,0.6623868346214294,UCLA_2
5,1,1,0.670559287071228,MAX_MUN
5,1,1,0.647508442401886,MAX_MUN
5,0,0,0.2237197309732437,MAX_MUN
5,0,1,0.6110852360725403,MAX_MUN
5,1,1,0.6710672974586487,MAX_MUN
5,0,1,0.6743420958518982,MAX_MUN
5,0,1,0.5620197653770447,MAX_MUN
5,0,1,0.6191383004188538,MAX_MUN
5,1,0,0.18259531259536743,CALTECH
5,0,0,0.35983192920684814,CALTECH
5,0,0,0.1459730714559555,SBL
5,1,1,0.6402229070663452,SBL
5,1,0,0.3870582580566406,SBL
5,1,1,0.6913064122200012,SBL
5,1,1,0.6468109488487244,MAX_MUN
